{"cameraMode":{"drawMode":0,"name":"Shaded","section":"Shading Mode"},"sceneLighting":true,"audioPlay":false,"sceneViewState":{"showFog":true,"showMaterialUpdate":false,"showSkybox":true,"showFlares":true,"showImageEffects":true,"showParticleSystems":true},"in2DMode":false,"pivot":{"x":0.6603074073791504,"y":1.3139617443084717,"z":-6.648220062255859},"rotation":{"x":-0.011390183120965958,"y":0.0014946400187909604,"z":0.00001500236066931393,"w":0.9999445676803589},"size":2.253664493560791,"orthographic":false}